﻿Designator,Footprint,Quantity,Value,LCSC Part #
"J1, J2",PinHeader_1x16_P2.54mm_Vertical,2,Conn_01x16_Pin,
"J10, J12, J13, J14, J15, J16, J17, J3, J4, J6, J7, J9",Thonkiconn Mono Jack,12,Thonkiconn_Mono_Jack,
"LED1, LED10, LED11, LED12, LED2, LED3, LED4, LED5, LED6, LED7, LED8, LED9",LED_SK6805_PLCC4_2.4x2.7mm_P1.3mm,12,SK6805,
OLED1,Enoki OLED SSD1306 128x64,1,~,
"P2, P3",Potentiometer 9mm Vertical Linear Centred,2,Potentiometer_9mm_Vertical_Linear,
SW1,Switch Tactile Momentary C&K,1,B1,
SW2,Switch Tactile Momentary C&K,1,B2,
